product_price,Rate,Review,Summary,Sentiment
417,5,excellent,it gives fresh juice it is made by thick plastis and glass it is very beautiful it is easy to use and clean after use overall worth the money go for it,positive
699,5,not specified,great amazing look very nice watch you can buy with out any doubts flipcart delivery is so fast in covid time really i appreciate your service thanks flipcart,positive
1599,5,highly recommended,excellent this product is very handy easy to clean car sofa windows and floor etc thanks to agaro and thanks to flipkart for deliverying this vacuum cleaner,positive
488,1,waste of money!,i wanted to give below 1 start but unfortunately there is no option it shows bigger then tv but its very tiny and received with out nails very bad product,negative
493,3,just okay,size is smallnice quality little costly at this price638 rsall parts were saperatewe have to arrange and join them togetherlooking good after installation,positive
86990,5,awesome,best laptop i ever had great performance great display and awesome inbuilt speakers with bass effects good for coding as well as gaming without any lag,positive
29990,5,fabulous!,nice product best tab at this price range camera could have been better great service by flipkart received product on time and in good condition go for it guys,positive
29990,5,fabulous!,nice product best tab at this price range camera could have been better great service by flipkart received product on time and in good condition go for it guys,positive
299,5,great product,the quality of the pre housing filter was awesome actually iam surprisedand the quality of two spun filter is nyc over all nyc productcant complain for 349 rs,positive
63990,5,best in the market!,the laptop is extremely good in this price range if you are find a all over good laptop so you can go for it it has amd processor and it is value for money,positive
58990,4,nice product,very good product in this price range awesome performance nice configuration display and sound quality is very goodonly issue is battery back up is 4 to 5 hrs,positive
33990,1,don't waste your money,pls pls dont buy it brothers because i am using 1 month mouse toch pad not working and buttons also not working and too hanging issues got to other company,negative
66990,5,worth every penny,performance of this laptop is very good battery is average like it continues 34 hrs max if one use normal apps or browser otherwise its smooth and very fast,positive
346,3,decent product,quality of cover is not upto mark but the content in the book is really good from foundation to difficult level questions are of latest pattern great work,positive
599,1,horrible,worst product dont buy flipcart should not sell such useless product prepared food only one time it damaged smoke came out and burned it good for nothing,positive
989,3,does the job,upper layer is worst and its paper made sticked to it its not moving steadily it moves in parabolic pattern not straight as we imagine for still its not worthy,negative
209,1,worst experience ever!,quality is too lowdont purchase itdue to no return policy you cant return itand due to very low quality you cant use itoverall all it is waste of money,negative
194,1,don't waste your money,the review is after 50 days of purchase very low quality seeds were sent some germinated but died after few days poor quality please sell geniune products,negative
184,1,horrible,seeds are not good condition i found 39 varient out of 45 and also seeds quantity is too less in all packed i think in all pack not more than 1000 seeds,negative
421,5,worth every penny,i have hp deskjet 2331 printer and 805 cart ang ink is good choice for me and 90 like original ink in my case you can try for me best value in this prize,positive
1899,4,pretty good,bro this one is from apple as brand suggests use this charger to charge your accessories cost is high but apple is a premium seller buy it for ur iphone,positive
4687,5,super!,best productmore better is the guy who had came to installation giving proper demo of machine how to use also show water level which was perfect for every user,positive
499,5,fabulous!,its a nice product all good but by default there is a wind noise but that wont bother when u listen to music also the controls are the best and easy to control,positive
3569,5,super!,very good quality and 5 star electricity rating celine fanspeed is outstanding and also spreads the air all over the room awesome delivery by flipkart worth it,positive
854,2,expected a better product,definitely it will not fit wagon r either front or back it will cover one side fully and the other side partially thickness is not that much average product,positive
79,4,worth the money,really nice product just got in 114 i love this product super awesome quality and the design too is best i am very happy because i am boughtthank you flipkart,positive
5499,4,nice product,product is good but no response from flipkart after many callsno one came to install the product otherwise purchase is good dont think much just go for it,positive
4498,5,decent microwave,does the job very wellif you just need to reheat food its the simplest and easiest one to usecapacity is also good enoughgo ahead and buy itprompt delivery too,positive
2599,5,best in the market!,awesome productbut the logo is not same as it doesnt have flower design instead it has a logo of bajaj written on itoverall it is nice product and light weight,positive
1349,5,wonderful,product quality is good paint and body parts are also good there is no dent and weight of the product is also very handy so u can go for it value for money,positive
1329,5,wonderful,product quality is good paint and body parts are also good there is no dent and weight of the product is also very handy so u can go for it value for money,positive
6390,5,super!,amazing excellent iam using it for last 4yrs its working fabulous as of first dayonly one should see in youtube how to use each every partexcellent product,positive
6525,4,good choice,good product at this price a trustable brand and feature rich product the quality of material is not very impressive but is at par overall it is a good choice,positive
2096,4,pretty good,im doing bpt nd this book is very helpful for me consisting of whole knowledge about human anatomy this book is very beneficial nd helps alot in my study,positive
2119,4,pretty good,im doing bpt nd this book is very helpful for me consisting of whole knowledge about human anatomy this book is very beneficial nd helps alot in my study,positive
1547,5,perfect product!,value of moneythis stabilizer is working perfectly and i recommend this to buy it my television is 100 working and i really happy to this product thanks,positive
44890,5,brilliant,great machineit works better than mani am very happy by its sparkle like cleaning awesome love it also thanks flipkart for timely delivery and quick demo,positive
42000,5,mind-blowing purchase,great dishwasher especially during these tough pendemic times it is a lifesaver till now i have not faced any issues thank you bosch thank you flipkart,positive
1299,4,very good,got the product as expected built quality is good for this priceworth for the money suggesting for the guys those working from home on this pandemic situation,positive
1299,4,really nice,great value for money the table is steady and well built the legs of the table are made of hollow alluminium and are tough overall value for money product,positive
269,4,not specified,i liked this dress very much but purse did not come in it so i had to change iti really liked this dress really but purse did not come so i am giving 4 stars,positive
529,5,fabulous!,actually it is perfect for bachelors and office going peoplesa very good iron at this rangefastly heat and light weight use force on heavy clothes like jeans,positive
2299,5,highly recommended,super quality of mixer and jar was fully steel strong jar moter quality is good no more extra sound 500 walt motor i am happy with this product thanks flipkart,positive
577,5,classy product,fragrance of each perfume is unique and mesmerising its the best gift pack for any celebration or occasion best price best experience in love with this product,positive
569,5,terrific purchase,the bella vita oud perfume franganance is very nice the look is very classy and decent which i love the most definitely suggest you to go ahead and buy,positive
700,3,nice,all is good but plastic used for joints is veri weak and fragile can be easily broken when we dismantle it even some joints will broken during installation,negative
360,5,,amazing quality the material of the bag is just wow in this price am very much satisfied and the chain quality is also too good and the bag is spacious too,positive
11440,5,terrific purchase,good product helpfull for size of big room or office it is only useful if you have closed environment if the door is opened regularly then dont go for it,positive
280,4,,quality is good but size is not perfect seller gave the small size instead of 910 year it is suitable for 4 year slim childsecond time i got right size,negative
2949,2,not good,it was not as expected since we dont know whether it cleans vegetables or not since only bubble are visible that too very minimum amount better dont buy it,positive
2999,5,just wow!,hi flipkart is butterfly mixie very good motor condition grander juice almost good flipkart quality very very nice wonderful thank you flipkart i give 5 star,positive
3399,5,awesome,the quality of the product is good and designed is fabulous thanku butterfly for making such a amazing productand thanku flipkart for delivery before time,positive
4199,1,terrible product,worest dont buy unfortunately we couldnt use and check this product immediately now we put on this wet grinder 2 mins ran after its not working very sad thing,negative
4899,1,useless product,after a using of more than 3 months its not sufficient enough to put half kg rice also while grinding if u put more than half kg rice its spilling all over,negative
4396,4,wonderful,nice product worth it for our money i got this product at 3599rs there is not coconut scrapperin my opinion it is a better home product with easy maintenance,positive
5299,4,nice product,hi reviewers i ordered two products at a time one is rapid plus and rhino plus both are superb and excellent working as of now lets see how they are in future,positive
329,1,hated it!,looks like a good quality bat virtually but believe me its not suitable for an adult too small for 5 person but a value for money for kid between 8 to 13,positive
7599,4,very good,chairs quality is good only thing is all screws didnt fit well while installation except this i am fully satisfied with the product and product quality,positive
799,5,classy product,product is same as shown in picture1strength is awesome2light weight3it can be adjusted in small place4price is little bit high it should be under 500 rupees,positive
625,5,classy product,product is same as shown in picture1strength is awesome2light weight3it can be adjusted in small place4price is little bit high it should be under 500 rupees,positive
449,2,could be way better,instantly got scratches and dents even with light use and now it looks in very bad shape i was carried away with the brand name cosco but it is useless,negative
290,1,did not meet expectations,the product got burnt after using it for 3days i really hated it no refund from flip kart horrible product seller is cheating everyone by giving faulty product,negative
30999,5,terrific,nyc osm fantasticfabulous pictures quality ls vary vary good in this price range i m gone for 5 star thank you flipkart thank you so much for this camera,positive
615,2,slightly disappointed,i dont recommend this to buy because i could able to take only 50 copies but they have mentioned as 100 copies complete cheatingnot at all worth to buy,negative
669,5,excellent,this ink is genuine but the problem with printer is it shows red light after 100pages but i still used the cartridge and at last 357 pages were printed,negative
482,5,excellent,sir mai apki regular student hu recorded class dekhti hu sir ye book best h ever and forever thank you for providing the best content thank you so much sir,positive
298,5,classy product,thank you flikart for giving nice quality and beautiful productkrishna idol which we ordered is so beautiful good qualityand it is more than our expectation,positive
190,1,terrible product,gets heated up in less than a minute and it becomes so hot that its impossible to touch looks pretty but very disappointed it was a waste of money for me,negative
949,5,super!,best keyboard in this price rangemetal bodyrgb 2 effectbraided cablewindows key lock function wasd switch to arrow keys function etci really like this keyboard,positive
9999,5,simply awesome,good product and best performance crompton desert air cooler 75 and fabulous swing pump and three step speed controller thanks so much i love you crompton,positive
1799,3,good,well quality is as good as the flipkart fan nothing special really not worth spending the extra bucks works well though as any other 900 rupee fan would,positive
1233,4,very good,connected with device very easily sound quality is good continuous some flicker sound coming every few seconds which is little bit annoying rest is wonderful,positive
899,4,supports win8.1 and cable broadband,it does support win 81 and cable broadbank where rj 45 is reqd for both wanlanthe delivery was quick within 3 days and the packaging was in good condition,positive
2499,5,best in the market!,amazing product worth the moneyrange and speed is good as wellmy house is 2300 sqft im getting at least 60 signal strength and almost same speed everywhere,positive
599,5,classy product,great quality product very nice build quality and a bright warm light this product fulfills all the expectations from it you can go fo it without any doubt,positive
134,5,mind-blowing purchase,i am loving this art kit ive posted a tour and demo of doms art strokes kit on youtube you can search for it on youtube my channel name is same as my name,positive
449,4,worth the money,superb productoverall cost is 500 but when i took it is 379 thank you for wonderful kit to gift my sonwatch video of this product in yashwin creations channel,positive
240,5,fabulous!,super quality aroma diffuser kapoor dani it has very safe design from electric it also works as lamp at night and long lasting durability so i like this,positive
2190,5,must buy!,bt fast connecting coloured light gives owsome looksbest sound quality if need extra bass upgrade your speaker thanks flipkart for best player in cheap price,positive
2690,5,just wow!,best budget car audio system with bluetooth fm sd card usb aux etcit fits perfectly for my hyundai getz and also effect is good i will recommed this for sure,positive
945,3,decent product,it has one rechargeable battery while rock crawlers that are more than rs 1200 will have set of 4 batteries anyway its good as it is cheaper than 4 battery one,positive
980,1,utterly disappointed,matera is not good in battery slot there are 3 no of slot but only single cell is mounted which is not sufficient for this product it has very low signal range,negative
1599,5,highly recommended,fine quality working really wellfinishing is too good delivery is superb like always i gifted this skating to my niece she is happy and enjoying its ride,positive
145,5,just wow!,in sanskrit adi from the earliest timesanth end antim endingadiyogi an ancient yogibest idol for at my house i like this much perfect shape cresent set on top,positive
127,2,slightly disappointed,product is ok not superb price is too much according to quality and design deserve max 100 rs only biggest problem this is not flexible means not adjustable,negative
361,4,good quality product,its nice perfume for me and i hope everyone like this this is contain pocket packaging easy to carry looking nice smell is good this is my first good purchase,positive
2799,3,decent product,nice oneand delivery also good but its over heating but its very easy to clean with this portable ole n nice to use it am using this for my car cleaning,positive
585,5,perfect product!,its stunning redother various colors moon in ur room lits up must buy n recommend it everyone amazing decor to the house or room various colors on a touch,positive
742,5,worth every penny,best book for class 10th you will not be able to solve these books easily truly based on sample paper just loved it thanks flipkart and educart for this,positive
199,5,must buy!,both tweeters working perfectly attached it to 21 speakers the supplied plastic holders are not fitting properly attached it by using supplied adhesive strip,positive
7599,5,must buy!,loved it prompt service by faber installation was on time chimney is very good stylish look and powerful speed overall best deal happy to buy from flipkart,positive
435,5,mind-blowing purchase,superb product and good sound brass and tq filpkart and courier person slowly spoken and fast deliverd and full satisfy and must recomended very nice product,positive
1095,4,value-for-money,the quality and build is nice at the price point i received this product before 3 days of given delivery date thanks for the nice product and advance delivery,positive
1095,4,value-for-money,the quality and build is nice at the price point i received this product before 3 days of given delivery date thanks for the nice product and advance delivery,positive
278,5,great product,i bought this reading the other reviews trust people who left such good reviews have got it right probably the best in the market at present sturdy and firm,positive
256,3,not specified,watch is very nice and you can purchase it but the gift which is look like as a smart watch is not a smart watch it is only a watch which tell only time,positive
197,1,absolute rubbish!,ordered green colour bag but received red colour bag please accept the return and send the correct green colour fashion deck h nonelectric 2 l hot water bag,positive
799,2,not good,leather is genuine sole cracks within a month need some improvement in this very disappointed with product not recommended for acidic working conditions,negative
5790,5,fabulous!,nice study table worth fr the moneymy son liked it very muchlooking good occupying less space fast delivery happy with the installationthanks to flipkart,positive
5890,5,highly recommended,a sturdy product exactly as shown in the picture delivered on 24th installation done on 27th the guy came to install took merely 45 minutes to install this,positive
6690,1,don't waste your money,installation not done even after 1 week following up with customer care but no solution provided dont know when it will be done pathetic service from flipkart,negative
1599,4,really nice,nice product for batchelor like me its perfect and i want to move from one place to another we can keep it in a car with less spacerefixablemust buy products,positive
15490,5,must buy!,100 genuine quality product awesome one by flipkart thanks to flipkart and seller awesome packing and very amazing service thanks a lot value for money,positive
1599,2,not good,waste product dont buyit is spoiling food at bottom of the vessel water rice ratio is full different really so bad waste of money but looking good but no use,negative
405,5,mind-blowing purchase,awesome product it is shockproof as described does not burn the plastic bucket takes about 20mins to bring the water to boiling temperature thank you flipkart,positive
296,5,highly recommended,first of thank you so much all team of members study iq this is very helpfull understanding for basic concepts and books page also smooth and perfect thank you,positive
2969,2,slightly disappointed,it took long time to fix was very small in size specially stand side cant keep much big size show pieceshave to give additional screw found gap after fixing,negative
2969,2,slightly disappointed,it took long time to fix was very small in size specially stand side cant keep much big size show pieceshave to give additional screw found gap after fixing,negative
2970,2,slightly disappointed,it took long time to fix was very small in size specially stand side cant keep much big size show pieceshave to give additional screw found gap after fixing,negative
2969,2,slightly disappointed,it took long time to fix was very small in size specially stand side cant keep much big size show pieceshave to give additional screw found gap after fixing,negative
200,4,really nice,its very good than expected i like it it reduces noise 7080 if you plug it according to the direction given in this picture i am satisfied with this product,positive
203,1,not recommended at all,the noise cancellation was not at all optimum my earphones are more capable for reducing noise than these ear plugs i wasted my 202 rupees on such things,negative
8797,5,brilliant,silent hardworking effective well engineered product which delivers as per requirement am yet to assess after sales service which hopefully i wont need,positive
11999,4,good choice,installation went lateflipkart customer care responded fast now everything after installation working good will again share the review after daily usage,positive
2199,5,terrific,best compatible with google devices and thanks to the pd charger i can charge my dell laptop from 0 to 100 in just 2 hoursi am using an adapter for my pixel 6a,positive
2651,5,simply awesome,plug connect play works swiftly on good wifi connection can cast amazon prime netflix hotstar youtube etc easily delivery was done within time too good to go,positive
6999,5,terrific,the futuristic gadget with awesome features the display quality is too good and sound is also crispy hopefully going to get google mini rs1 as a part of deal,positive
3499,5,simply awesome,this is an awesome product and very amazing im just enjoying itgo for it if you want i got this product delivered in one day onlyawesome services by flipkart,positive
3499,5,simply awesome,this is an awesome product and very amazing im just enjoying itgo for it if you want i got this product delivered in one day onlyawesome services by flipkart,positive
152,5,best in the market!,its really workingall seed were actually comes outshould try and have a plenty of varieties in your own collection of flowerslove to see its natural growing,positive
130,5,awesome,dry yeast is really very pure and gets activated soon in warm water it s really helpful in baking and makes bread soft and smooth it is very useful for me,positive
113,5,worth every penny,no doubt abt this product using over a decadeits the best hair oilgot the delvry nxt day apart frm this got a 100 ml bottle of hair oil free alongwth it,positive
2590,4,nice product,awesome products juicer is very very good compare to another brand heavy material body great thanks for product fast delivery experience good after use,positive
5999,5,perfect product!,the cycle is very but it best to take yellow colour the tires are nice there is no horn better to buy this shivexim led light horn led spot light black,positive
231,5,highly recommended,great quality product by hersheys packaging and box of the product is really nice flipkart again does a great job packaging delivery everything was on point,positive
3699,3,good,i am giving this product three star because all over it is a good product but in the kit when ever i ordered it something of the kit would be of bad quality,negative
38990,1,worthless,dont buy this product it is waste of money second day of purchase occure booting issue even hp not supporting for the issue not any support from flipkart,negative
809,5,awesome,it was goood but i ordered wrong model no cartridge before buying it plz make sure youll check model no on your old cartridge and match here also thanks,neutral
852,4,nice product,its a good product however a little bit more no of prints per cartridge would be good to see right now i am able to print around 450 pages with one cartridge,positive
1599,5,brilliant,pretty good keyboard 20 lighting modes capable of increasing and decreasing the speeds as well as brightnessthough i didnt like the font used for lettering,positive
59990,4,pretty good,this is the best laptop with this price segment design 5 performance 5battery 3delivery is just amazing i got this in just 2 days 5 5 just love it hp pavilion,positive
16499,4,really nice,the product is to good bicycling experience is awesomegear shifter shimano nice qualitybrakes are also goodbur there is a problem handle cavity is fluctuating,positive
12990,5,super!,good washing machine at this price segment user friendly operation however water inlet pipe comes with machine is too short 1meter all over good machine,positive
739,5,mind-blowing purchase,i will clear your doubtsgo for itbest suitable for 6 months to 2 years kidsvery premium qualitydont go for any negative commentsreviewslooks exactly as image,negative
267,5,terrific purchase,it has got amazing build quality and works perfectly for our needgood part is we get a tester and extra pointed bit toogets heated very fast and efficiently,positive
285,4,really nice,its excellent and i really like it your service is also highly appreciated i feel i should give a thankful to your excellent and timely service thank u so much,positive
13999,5,terrific purchase,quick delivery and on time installation ordered on saturday received on monday installed on tuesday good and trendy chimney review after using it for 10 days,positive
14299,1,terrible product,very good delivery but worst installation mannarno pipe in packing box 1 length from chemney to out going walli purched the pipe no body can help me to fit it,negative
8890,5,awesome,perfect for large screen size tv the material is strong and the product is more heavy than i expected highly recommended this is a 65inch tv standing on it,positive
299,4,good choice,nice product but should have been thick then would have been more better during day time doesnt prevent heat but yes still good product for better design,positive
399,4,good choice,nice product but should have been thick then would have been more better during day time doesnt prevent heat but yes still good product for better design,positive
11999,5,wonderful,nice product indeed within the short period it has been solved the matter of installation by the expert thanks flipkart for organizing the matter well in time,positive
1499,5,fabulous!,value for moneygood sound and decent basseverything is goodi like the two blue led lightvery good productpacking and delivery always goodfully satisfied,positive
1549,5,fabulous!,value for moneygood sound and decent basseverything is goodi like the two blue led lightvery good productpacking and delivery always goodfully satisfied,positive
9499,4,value-for-money,nice fast delivery the product looks fine too 1 star deducted coz the demo wasnt upto the mark the installation guy looked unprofessional in a rush to go home,positive
44490,4,delightful,product is wonderful problem seems only with installation team in rural areas they are literally looting people lg is the best company for customer service,positive
38490,4,wonderful,the seller delivered a returned product which was not new however flipkart arranged for a refund the product was bought from a local store and works fine,positive
41990,3,fair,not very good build quality there is no signals on the panel after it finishes washing the plastic quality inside the washer is also not good its just ok,negative
4399,2,moderate,1 grating blade is very coarse neither suitable for halwa nor for paratha stuffing 2 instead of bladeattachment with plastic base full blades could be given,negative
5039,1,"terrible product,don't buy",the plastic seems very low qualitythe components dont fit very well and often force has to be usedit has stopped working after using for a short whiledont buy,negative
9050,4,worth the money,its an amazing product i received my product as mentioned in manual shredding of carrot is too easy for me as my son likes gajar ka halwa so he is very happy,positive
11595,5,awesome,absolutely amazing writing review after one month of usage and the product is really good solves all purposes and each attachment comes with it is useful,positive
6029,2,inalsa is good,but they gave me very old productall greasedsmelllooked s if machine was stoped they repaired and delivered me i asked for return but they took replacement,negative
5919,2,moderate,this product is only for light use specialy juicer section more sound generate during juicer process and releted juicers part is damaged in soon during use,negative
5390,1,"terrible product,don't buy",the plastic seems very low qualitythe components dont fit very well and often force has to be usedit has stopped working after using for a short whiledont buy,negative
335,5,highly recommended,best book so far covering all the topics of art and culture most relevant content and easy to revise far better than nitin singhanias as it is too much hefty,positive
1199,3,fair,just ok product in this price rangno aspect good sound n bass n more thing saler not giving wire n scru only speaker set come to u this is not good from saler,positive
14299,3,does the job,product is spurb installation guy has charge 1200 fr extra filter said ur water tds is 400 ur machine filter will b destroy in one year soo attach extra,negative
15999,5,terrific purchase,good product at great price and the best part is the amc that comes with the purifier the installation happened the very next day the product was delivered,positive
6999,1,unsatisfactory,the machine is not working after 30 days of buying we have used it for 10 days maximum dont know whats wrong i will not buy anything from kent in future,positive
379,5,simply awesome,impressive product at this price i order for this company but flipkart delivery me flipkart smart buy productoverall i was satisfied with this shopping,positive
6499,5,terrific,this is best cycle in this budget i loved it if you are interested please buy it really nice quality but front breaks little big weak otherwise i loved it,positive
5990,1,did not meet expectations,worst experience with flipkart non delivery of product on time failed purpose as it was to be gifted on 6th itself flipkart did nothing except deceiving,negative
52990,4,really nice,it is good though very hard stain does not go absence of resume operation whenever power breaks in between is a problem overall a good product worth investing,positive
8199,4,wonderful,livpure water purifiers is super but water purifiers cove is not available anay market even online alsow not available kindly provide the cover in the markets,neutral
209,5,not specified,this video was for showing that this watch is working properlyyou can go for it it is just awesome i had ordered it for my brother and he liked it too much,positive
299,5,not specified,its so lovely i love this color its look so beautiful in my hands i never expected as if but really fabulous nice product thank you flipkart i will shop again,positive
1448,5,classy product,nice working without any noise and easily available at low price and also very fast delivery i am very thankful to flipkart and hope every time you support us,positive
7299,1,horrible,there is problem with the inverter it is always running and charging the battery my electricity bill is double this month after installing the new inverter,negative
469,5,wonderful,in this price range getting 6 stumps with 4 bails its awesome cant really complain about quality of woods in this price you wont regret after purchasing this,positive
218,1,horrible,wastage of money i opened it and gently try to use it and it breaks on the very first use i cant even return it as it has no return policyfull money waste,negative
218,5,fabulous!,it gives so dark finishing and we can also use this product as a eyeliner as well as it also gives smooth and creamy finishing so l give 5 star thanks flipkart,positive
46999,4,very good,after a week i used it you just unbelievable its lovey for student and office work it is really good backlit keyboard is awesomeand better backup is also good,positive
59990,5,simply awesome,value for money latest configuration for this price open box delivery is very much useful for verifying the product as described in the portal 1st day review,positive
3595,5,fabulous!,better than asus k1 keyboard ant esports mk 3200 though looks and feel gud not reliable as logitech i guess get it for 3k at sale it is worth at that price,positive
229,5,terrific purchase,i really love the quality of this door mat it is very soft and it is very comfortable to stand on and it looks very elegant and stylish compared to the price,positive
499,3,good,not goodits length 80inch55inchit is short than the description in the flipkart too bad it can be used only in mid cold weather and also single blanket,negative
7999,1,waste of money!,small wire and moter capacity is very low fan speed was not good out flow vent hole is above the lower part of cooler its very difficult to change water,negative
501,1,absolute rubbish!,i really dont like it dont know what is the problem the machine is defective or there is a glaze or whatever it is but its not working as good as others do,negative
648,4,wonderful,good packing and on time delivery by flipkartafter using one day really amazing more than 24 hours hot water is itreally worthy product thanks to milton,positive
16990,2,expected a better product,washing is good product quality is not good thin side sheet metal delicate top lid no proper detergent adding system for wash not happy with the product,positive
8799,1,unsatisfactory,doesnt work at all it shows air quality ok in just 5 minutes i checked it by putting my phillips air purifier next to it both showed different readings,negative
5499,5,highly recommended,bank for buck very satisfied with the buy and the product bass is very much balanced and a perfect home theatre effect loved it keep it up flipkart and moto,positive
499,1,useless product,i used one day the bat was damaged at handle part dont buy this product waste of moneythey didnt accept the return alsothis is my personal experience thanks,negative
63600,5,highly recommended,the screen is amazing you cant compare with another laptop but battery is not good as per my usage only i have got battery issue and everything is good,positive
889,3,does the job,good pyq book for neet but the pages were less as there mention 1004 pages but in which got there is only 448 pages total in pcb flipkart look into this matter,positive
2499,5,super!,wow very good product by flipkartquality material quality is very good finishing is also awesomefunctions 3 functions available with timer 100250 temp nobs,positive
14790,1,unsatisfactory,worst after sale support avoid buying it i have used lg and samsung machines their after sale support is awesome waiting for installation even after 1 month,negative
369,1,did not meet expectations,worst product never buy this it does not work as it shown in discription you should buy offline or some other shopping app flipkart is not doing as it claims,negative
369,1,don't waste your money,remote not working after start helicopter its fly away in sky i not found again remote not controlled helicopter i have lost that helicopter waste of my money,negative
299,1,,very poor quality the first layer came off within 30 minutes of walking after two days the hole of the strip got snatched due to poor design of the holes,negative
499,5,,very good product bought for my husband to gift for our wedding anniversary he was happy and satisfied decent look fast delivery always thankyou flipkart,positive
499,5,,very much appreciativecloth is excellent and my brother love it the mostdelivery boy is also good with his behaviourtqqq u flipakart and ur well behaved staff,positive
199,4,,the material of the product is fantastic price of the product is little high compared to local shops but all in all a very good product design is not so good,positive
280,4,,i have bought just because of having many card slots but this is very large in size this is very tightly stitch you cant put any thing more than its capacity,neutral
269,1,,wrost product cheap quality please make sure flipkart before delivery dont make fool your customer because your service is good but product quality is very bad,negative
519,3,,not exactly like crocs product but still far better than other in the marketat this price product is goodfor quality still not suremay be after a month or two,neutral
409,5,not specified,very very great product ever purchased till the date i havent seen the product like this excellent product i suggest everyone to buy thisdont miss out friends,positive
2999,1,,hope less product i return the product many times but the product was not accepted my money got wasted the seller is very bad always cancelled my request,negative
649,2,expected a better product,motorola g40 fusion with 6000 mah battery was charged in 2 hour with old charger and this mi charger charged in 2 hour 30 minutes very slow performance,negative
1149,4,worth the money,good product i charger my oneplus 7t 2 times 100 and third time 35 battery life is so good thank tou flip cart dilivery is also so fast order comes in 2 days,positive
13999,5,highly recommended,really good product value for money smart tv feture are in this price rang wich is great picture quality is preeti good nice view angel go for pro model,positive
8790,5,perfect product!,super product had three of these for 2 years now mi home app control is excellent also but the basic product is itself fantastic and occupies very little space,positive
2999,4,very good,good for using youtube please dont buy it if u want to see videos in hd becoz it only supports upto 1080p overall its a good product and value for money,positive
4199,4,worth the money,working fine good but received in messy box and there is bent on inverter at corner think mistake of courier facility whatever but working fine no issue,negative
5079,5,simply awesome,really nice i will recomend all to buy this i bought it for my home 4 ceiling fans and 10 led bulb plus 2 tvs works great almost 6 hours on maximum load,positive
25990,4,good choice,product is good not giving 5 star as because installation team dont have basic knowledge of equipment and doesnt bring basic tools required for installation,positive
4999,5,great product,well i dont know what to say that sound quality is extremely good i mean it dont have dedicated woofer but man inbuilt one almost mimicking the same effect,positive
1499,5,classy product,what a wonderful product it is such amazing sound quality and bass in such mid size sound bar just amazing love the design not too big and not too small,positive
1499,5,classy product,what a wonderful product it is such amazing sound quality and bass in such mid size sound bar just amazing love the design not too big and not too small,positive
1999,5,super!,mivi fort s24s sound bar is best company and amazing sound bass and support my tv also and battery capacity is good super sound amazing product good company,positive
1099,5,classy product,this is the best budget bluetooth and it is also easy to carry anywhere i would say this is the best product which is very useful in trips and travelling,positive
125,5,worth every penny,results came within minutes and really easy to do very useful and i guess one of the most important item required in this pandemic a must product to be in home,positive
555,1,not recommended at all,this table is not comfortable for adults i cant fold my legs while using table this is good for kids not for elders i will not recommend for office work,negative
395,1,useless product,pressure is very very less incoming end pipe open always this product should not get 5 never purchase this one useless product 1000 times i will give zero star,negative
429,5,mind-blowing purchase,it is good with rubber and it is hard and durable for a play it is awesome at low prise and i love you nivia and the flipkart is beyond the expectation,positive
494,5,terrific purchase,review after 1 month of purchase its a very good product takes 1520 minutes to heat the water safe to use most importantly budget friendly go for it guys,positive
1469,4,,this watch gives classy and clean look iam super happy wearing branded watches may rise up our confidence this is what i feel no offencenice watch go for it,positive
219,3,good,ordered colour was red but they delivered greenreason for 3 star packaging was nicedelivered on timesize looks smaller than picture but 2ltr quantity is enough,neutral
2199,5,classy product,very nice product its under my budget and the quality is good i like it i suggest that everyone could buy itthanks to philip kart for providing good things,positive
494,4,nice product,good one bought it for daily use get heat in fraction of seconds however not suitable for denims and tough material clothesoverall nice product go for it,positive
1999,5,brilliant,battery backup excellent charging speed excellent sound quality excellent build quality very goodaudio of video latency fair fair good very good excellent,positive
1999,5,brilliant,battery backup excellent charging speed excellent sound quality excellent build quality very goodaudio of video latency fair fair good very good excellent,positive
386,1,utterly disappointed,not working even having sun light not rotatingstarting trouble we need to give moment to rotate then it will start slowlyplease dont buy not worth it use less,positive
173,5,terrific purchase,very niceadd tsp quantity drops quantity giving very mild colour so but flavours and colours very nice and the packing of very very superb thank you so much,positive
6498,5,100% satisfied from the product.,very very use full product in too life and flipkart given good quality product 1 easy to use2 easy to wash3 low noise and no vibrationover all good products,positive
4319,4,value-for-money,decent product quality is good chopping is really fast and easy one has to be careful with sharp blades kneading of dough is also ok overall satisfactory,positive
6999,5,terrific,i am used this sound box 2 months after i write the review this sound box is very very nice and delivery man is also too good i am happy in this product,positive
7999,3,does the job,not very satisfied as compared to my 11 year old inalsa food processor wet grinding jar should be included for it to qualify as complete food processor,negative
13703,2,expected a better product,most of the ott platforms videos are not playing disney hotstar sun nxt zee 5 sony liv except netflix so we connected laptop with projector then its working,negative
7499,5,just wow!,great budget friendly phone i gifted to my mom she is very happy and i just love with phone performance screen size quick handling features guys go for it,positive
319,5,,honestly i would say that this pant is full value of money this is the best at this price range you will not unsatisfied just go for it filpkartforever,positive
699,5,fabulous!,very useful and efficientit works very fastlots of options are there after heating water through this kettle it works accurate and time saver alsoi like it,positive
2995,5,terrific purchase,nice good for and most better for use it has great motor and nice speed and colour is also good but red colour is most better i think it also have red colour,positive
1110,5,worth every penny,great experience with quality product from portronicsworking smoothlysound quality awesomelook greatworking smoothlybass boost feature enhance sound quality,positive
127,5,perfect product!,great got 128 including offers easy to hold any mobile even during charging it can also hold 10 inch tablet easily no issuesquality and material is great,positive
2399,5,just wow!,packagingclocker qualitylooks every single thing is great i really like the packaging quality of flipkart no matter how big a thing is it never gets spoiled,positive
2695,5,need of these days.,great product amazing performance true to its name prestigeperfect packing and timely delivery keep up the good work and you would not need any advertisement,positive
4330,1,unsatisfactory,we bought product on last month we have used only 2 times its not working now how can we trust if you provide these kind of products its really very bad to use,negative
5300,1,hated it!,dont buy this productits not working one monthexpecelly dont buy from flipkart they are not providing proper service to buyers dont lose your money be careful,negative
3249,1,absolute rubbish!,very bad product l am only used 18 days and its motor damaged dont buy anyone this productand company dejected to refundreplace the productpls dont buy anyone,negative
13999,5,fabulous!,best in the market water purifieri like the installation installation took 1 day timepureit sent a very humble and knowledgeable person for installation,positive
427,5,awesome,good for buy this is very useful for riding because i have superbike soo my eye get water i riding fastly soo this product solved this my issu thnx flipkart,positive
2390,5,terrific,excellent camera at such a wonderful price very good features video quality so far happy with the camera will write in detail review after using for a month,positive
2490,1,did not meet expectations,very good thief friendly camera if someone cuts internet it wont work so this is not security camera dont buy go for other brand offline recording camera,negative
849,3,good,bought it for my babyshould take care of fallnever leave the baby alone as the front stand will get detached from the chair easilyoverall a good product,positive
599,2,moderate,the size is too small and very thin and not working for heavy winter its perfect for works on temp 20 c to 25 c there is no cover boxreally very bad experince,negative
464,1,worst experience ever!,very pathetic product and expirince was also very bad seller trying to act smart they dnt accept return request just waste my day dont buy with this seller,negative
290,4,good choice,its a good productworth it for money and those who are all see the product review as like medont panic it is the good product to buystay home stay safe,positive
240,4,delightful,one of the best multivitamin i have used yet you feel from 2nd day your energy level going up but dont take regularly otherwise you going to be habitual,positive
1249,1,very poor,i ordered a rock crawler and i got the rock crawling carti hated this it is not made for offroading it is very slow it is 2 wheel driveit is ridiculous,negative
655,5,wonderful,value for money if manufacturers provides top rack cloth its very help ful ovaral good product i have received thanks to seller and flipkart especially ekart,positive
16490,4,worth the money,writing review after 1 month of use its just fabulous close your eyes and go for it safe delivery by flipkart all total a nice product and energy saver,positive
6099,4,good quality product,good product at reasonable price delivered before the date but courier boy didnt do a good job he asked for extra money to deliver it to my pin code 229127,negative
24490,5,just wow!,this is awesome refrigerator i love this product due to his cool colour and awesome design this is working perfectly fine thanks flipkart for this product,positive
10890,2,slightly disappointed,nice but heat upper side alot and the installation man is illiterate person he dont no anything about this product only he connected the switch thts it,positive
649,1,horrible,v bad this is the second time i had ordered memory cars from samsung but both times it got corrupted within a monthi lost my documents stored in memory card,negative
2152,5,wonderful,very good and clear sweet sound good for those who like soft and medium song sufficient bass happy with the quality but dont expect bass like bass tube,positive
5993,5,mind-blowing purchase,product is nice and i am totally satisfied with the product and also delivery service of flipkart is too good i am totally satisfied with overall things,positive
1449,1,useless product,it seems the product is used and very ild and is delivered in very poor conditionand its defective not working this is what they are providing to customers,negative
260,3,average product,just okay chinese product not much longer life but if being sold in discount buy and use for some time dont have very high expectations just average product,negative
5190,1,hated it!,wastage of fruits is too much and pots become too much dirty after each useits gear partially damaged by single usefeeling sadness to purchase this juicer,negative
1329,5,terrific purchase,really good product so i am very happy this product because i use this mixture grinder very silence on running time machine amazing prices and good quality,positive
470,1,waste of money!,waste of money please dnt buy from sarika enterprises i ordered 2 the 1st one i received was a good quality the second i received quality was very very poor,positive
4449,5,brilliant,wow 1 fast delivery with in 3days2 fast file transfer speed 130mpbs3 cloud backup4 red color is just 5 3 year warranty6 lite weightoverall recommend to buy,positive
5599,5,brilliant,wow 1 fast delivery with in 3days2 fast file transfer speed 130mpbs3 cloud backup4 red color is just 5 3 year warranty6 lite weightoverall recommend to buy,positive
500,5,,it is good quality material and i recommend it it is a comfortable and cotton materialistic which doesnot fade away or colour is also not removing after wash,positive
170,4,good choice,the quality is similar to our mobile phone mic but for me i am using it only for my laptop so its fine it is almost 6 month and still no issuesvalue for money,positive
549,1,absolute rubbish!,product size is too much smaller than the shown product they have mentioned that the height of the product is 190 cm but it actual height is less than 130 cm,neutral
8499,5,mind-blowing purchase,its a very good product had a slight hesitation b4 buying it but totally worth the price and best thing is tat flikart packaging is too good thumbs up flipkart,positive
199,4,nice product,not fully noise reduction you can hear outside sounds but still it can be useful for some purpose when you take it out from your ears its hurt a little,negative
449,1,unsatisfactory,different sizes as i had asked for l size but 1 was l and other was xxl size also different colours seller makes fool dont buy from this seller waste of money,negative
449,1,unsatisfactory,different sizes as i had asked for l size but 1 was l and other was xxl size also different colours seller makes fool dont buy from this seller waste of money,negative
449,1,unsatisfactory,different sizes as i had asked for l size but 1 was l and other was xxl size also different colours seller makes fool dont buy from this seller waste of money,negative
499,5,terrific purchase,just amazing great sound quality and everything is just good so i ordered new boat headphone im a happy customer and i will order my new things from you,positive
359,5,,this is very great product this is sneaker is very comfortable to me and this is 5th product that i will order with flipkart and this is my best experience,positive
348,4,worth the money,product quality is as like as price i would not say excellent quality but its good ok type quality could have been little better to appeal more customers,positive
1599,1,don't waste your money,long process for contacting customer supportthe speed is very lowif i want to exchange the productill have to spend again from my pocketoverall poor experience,negative
2699,5,excellent,only flipkart has this dual band latest router good coverage on 24 ghz faster speeds with 5ghz channel thank you flipkart for the fast delivery just 2 days,positive
1469,5,terrific,perfectly working on laptops but not good for mobile phones as wifi connects to mobile phone but after some time it shows net is not available on this network,negative
599,5,not specified,got this product at good condition the design and colour was simply superb i got this at a price of 454rsgo fit out if you get that at that pricehappy shopping,positive
649,4,not specified,i got it for 537rsit is worth itit is an amazing watch so premiumfor this price i got a branded watchso guys u can purchase this watch without any doubt,positive
759,5,best in the market!,the watch is a great product under this price range it look attractive and have a lot of features the heart rate monitor is also quite accurate great product,positive
171,2,moderate,not stable and the base is not flat hence the phone is not stable also due to the weight of the phone the base leans forward and feels the phone will fall,negative
155,2,moderate,not stable and the base is not flat hence the phone is not stable also due to the weight of the phone the base leans forward and feels the phone will fall,negative
329,5,excellent,it delivered today and today i read near 40 pages best book for beginners for clarity of answer writingthank you upsc guide and also thank you shrushti mam,positive
245,5,super!,wow great product my son 1 st birthday he is enjoyed lot thank u flip kart this credit goes to you keep continue to sell good product to customersthanks alot,positive
7999,5,awesome,built quality super picture quality superbut sound quality bad sound full noise not perfect not connected wifi with password without password wifi connected,positive
2709,1,horrible,this product is totally waste my money is waste flip kart also waste why flip kart is selling like this very worst productflip kart name is totsl spoil,negative
399,5,brilliant,purchased 2 nos of tomex grey broom holder first on 15th oct 22 and 2nd 24 oct 22 both are perfect strudy and nice griphighly recommended giving 5 stars,positive
4293,5,terrific purchase,such an amazing product perfect width perfect height took some time to assemble but all was worth it thank you flipkart and torche for such an amazing product,positive
1260,5,worth every penny,good product at very reasonable price i was not able to install it at first but then i found its installation and usage video on youtube it works like a charm,positive
330,4,not specified,very good product i will suggest to buy this item if someone is showing interest in this please reduce delivery timeas you are taking a long time to deliver,positive
7609,5,super!,services are very good a diet consultant are provided by brand which is nice thing and they are really good and their diet plans are nice and impressive thanks,positive
5499,4,good choice,good cycle by urban terrain but not a value for money product it dont has the back seat the seat is very adjustable and it is very good product after all,positive
6591,4,good choice,working fine my lcd tv used to turn off in my old inverter while changeover but in this the transition is good no noise from normal fans ups mode is also there,positive
1169,5,,super product fast delivery from flipkart first time buying this brand 100 satisfied im gifting this product to my wife on her birthday she loves this product,positive
299,1,not recommended at all,stumps are goods but it takes too long time for delivery when i got stumps that time our cricket tournament had been over delivery service is very worst,negative
31590,2,slightly disappointed,device internally making tak tak tak noises on starting it delivered without proper quality check unexpected way of product from voltasextremely disappointed,negative
20990,5,simply awesome,its a very useful household product its hassle free very compact and fit for a small family of maybe 4 members its hot wash program is simply superb go for it,positive
23479,5,must buy!,compact and nicesmooth operationeffective cleaning of oily utensils frying pans etc dinner plates need to be thin rimmed and preferred to be 10 11 max dia,positive
4449,5,simply awesome,i like it very much awesome product in affordable price it support usb 20 around speed of 2530 mbps while file transfer usb 30 around speed of 5560 mbps,positive
5499,5,simply awesome,i like it very much awesome product in affordable price it support usb 20 around speed of 2530 mbps while file transfer usb 30 around speed of 5560 mbps,positive
4499,1,useless product,worst product ever motor not working only after just three uses and return window also has been closed wastage of money never buy anything from flipkart,negative
199,3,,belt looks ok but artificial leather genuine leather mens belt is available in this price but womens genuine leather belt is not available in this range,positive
559,5,,pants are really nice and comfy the best thing about flipkart is that you get the best rates here the same pants on other ecom sites are a bit expensive,positive
349,4,,too good its of rayon material so it is very soft and the quality of the material is also very good i dont think it is transparent happy with the purchase,positive
349,4,,too good its of rayon material so it is very soft and the quality of the material is also very good i dont think it is transparent happy with the purchase,positive
349,4,,too good its of rayon material so it is very soft and the quality of the material is also very good i dont think it is transparent happy with the purchase,positive
509,5,mind-blowing purchase,i wanted to let you know that i am quite pleased with you fast delivery your product which works well as advertisedproduct is awesome satisfied with product,positive
655,4,good choice,as per price product is goodfabric is also nice and pip is also good qualityonly racks u should gives in plasticotherwise everything is good i liked it,positive
1614,1,utterly disappointed,display its just like lcd tv and image can not zoomif you want to zoom some content imgso not possible please dont buy if you want to zoom any content image,neutral
449,5,perfect product!,fast charging like vooc 33 chargerit can charge mobile 20 to 70 in just 38 mintotally satisfied with this chargerand one thing you get 2 year warranty with it,positive
9999,5,just wow!,i buy this sound bar now running big savings day just 4999 only i am boss lover my exptation is fulfilled awesome low budget sound bar i love it great job boat,positive
1199,5,great product,this is the right option to buy boat rockers 510 superb sound quality good bassearcups are very softit is a little bit heavy but good to wear comfortable,positive
1699,5,great product,so far this is a very good smart watch in this price it has everything useful i liked it very much the battery backup is very good i recommend it to everyone,positive
1299,5,fabulous!,love this product same as shown as this pictureand love with its packaging too really its packed very very well thank you flipkart for this amazing product,positive
1299,3,does the job,plates size is not upto mark bowl is very very small good for diet but overall all you can bought itwhy oven used freezer safe and finisher is good thanks,positive
1299,5,fabulous!,love this product same as shown as this pictureand love with its packaging too really its packed very very well thank you flipkart for this amazing product,positive
3399,5,best in the market!,amazing product it comes in part and easy to assemble got the delivery 5 days before the scheduled delivery date thank u flipkart for these amazing deal,positive
1298,5,awesome,its very useful for work from home and mini dining too its better than table mateplease go with this in under section if we provide clip its very excellent,positive
1298,5,best in the market!,my goodnessive been looking for a product like such which makes easier to study and work as well with laptops or desktopsi would definitely recommend this,positive
168,1,very poor,why doing this horrible scam to us this is our hard earned money now this mic is very noisywe are so poor this money means lot to me but i feel scammed,negative
3999,1,horrible,bad service from flipkart what investigation you are doing called flipkart customer care around 20 times this product is not delivered why it showing delivered,negative
199,2,not good,im a youtuber little king gaming and bought it for my pubg live streaming but threads started coming out within 5 daysnot recommendednote not a fake reviews,negative
27999,5,terrific purchase,everything is working fine for memultimedia experience is absolutely great and the best part is its speakers killeridk whether otg cable is supported or not,positive
27999,5,terrific purchase,everything is working fine for memultimedia experience is absolutely great and the best part is its speakers killeridk whether otg cable is supported or not,positive
2999,4,very good,i would have loved it if it had dolby output which is present for every other rivals sound output could have been improved otherwise an excellent product,positive
8490,5,awesome,value for money all middle class familyperformance awesomedesign color also goodguarantee buy for blind eyesnot realme its reallife product of home appliance,negative
785,3,fair,according to its price its ok if you looking for strong bookself you can skip it but if you looking for a good looking self in less price you can buy it,positive
799,3,fair,according to its price its ok if you looking for strong bookself you can skip it but if you looking for a good looking self in less price you can buy it,positive
